ComponentName, StatisticName, StatisticSubId, StatisticType, SimTime, Rank, Sum.u32, SumSQ.u32, Count.u64, Min.u32, Max.u32, Sum.u64, SumSQ.u64, Min.u64, Max.u64
polarfly_network.rtr0:topology, hopcount1, , Accumulator, 13420108, 0, 0, 0, 0, 0, 0, 0, 0, 0, 0
polarfly_network.rtr0:topology, hopcount2, , Accumulator, 13420108, 0, 4, 4, 4, 1, 1, 0, 0, 0, 0
polarfly_network.rtr0:topology, hopcount3, , Accumulator, 13420108, 0, 0, 0, 0, 0, 0, 0, 0, 0, 0
polarfly_network.rtr0:topology, hopcount4, , Accumulator, 13420108, 0, 0, 0, 0, 0, 0, 0, 0, 0, 0
polarfly_network.rtr0, send_bit_count, port0, Accumulator, 13420108, 0, 0, 0, 4, 0, 0, 1568, 618752, 360, 424
polarfly_network.rtr0, send_packet_count, port0, Accumulator, 13420108, 0, 0, 0, 4, 0, 0, 4, 4, 1, 1
polarfly_network.rtr0, output_port_stalls, port0, Accumulator, 13420108, 0, 0, 0, 0, 0, 0, 0, 0, 0, 0
polarfly_network.rtr0, idle_time, port0, Accumulator, 13420108, 0, 0, 0, 4, 0, 0, 13368108, 65763114949778, 24657, 6427056
polarfly_network.rtr0, width_adj_count, port0, Accumulator, 13420108, 0, 0, 0, 0, 0, 0, 0, 0, 0, 0
polarfly_network.rtr0, send_bit_count, port1, Accumulator, 13420108, 0, 0, 0, 0, 0, 0, 0, 0, 0, 0
polarfly_network.rtr0, send_packet_count, port1, Accumulator, 13420108, 0, 0, 0, 0, 0, 0, 0, 0, 0, 0
polarfly_network.rtr0, output_port_stalls, port1, Accumulator, 13420108, 0, 0, 0, 0, 0, 0, 0, 0, 0, 0
polarfly_network.rtr0, idle_time, port1, Accumulator, 13420108, 0, 0, 0, 1, 0, 0, 13420108, 180099298731664, 13420108, 13420108
polarfly_network.rtr0, width_adj_count, port1, Accumulator, 13420108, 0, 0, 0, 0, 0, 0, 0, 0, 0, 0
polarfly_network.rtr0, send_bit_count, port2, Accumulator, 13420108, 0, 0, 0, 0, 0, 0, 0, 0, 0, 0
polarfly_network.rtr0, send_packet_count, port2, Accumulator, 13420108, 0, 0, 0, 0, 0, 0, 0, 0, 0, 0
polarfly_network.rtr0, output_port_stalls, port2, Accumulator, 13420108, 0, 0, 0, 0, 0, 0, 0, 0, 0, 0
polarfly_network.rtr0, idle_time, port2, Accumulator, 13420108, 0, 0, 0, 1, 0, 0, 13420108, 180099298731664, 13420108, 13420108
polarfly_network.rtr0, width_adj_count, port2, Accumulator, 13420108, 0, 0, 0, 0, 0, 0, 0, 0, 0, 0
polarfly_network.rtr0, send_bit_count, port3, Accumulator, 13420108, 0, 0, 0, 0, 0, 0, 0, 0, 0, 0
polarfly_network.rtr0, send_packet_count, port3, Accumulator, 13420108, 0, 0, 0, 0, 0, 0, 0, 0, 0, 0
polarfly_network.rtr0, output_port_stalls, port3, Accumulator, 13420108, 0, 0, 0, 0, 0, 0, 0, 0, 0, 0
polarfly_network.rtr0, idle_time, port3, Accumulator, 13420108, 0, 0, 0, 1, 0, 0, 13420108, 180099298731664, 13420108, 13420108
polarfly_network.rtr0, width_adj_count, port3, Accumulator, 13420108, 0, 0, 0, 0, 0, 0, 0, 0, 0, 0
polarfly_network.rtr0, send_bit_count, port4, Accumulator, 13420108, 0, 0, 0, 4, 0, 0, 1568, 618752, 360, 424
polarfly_network.rtr0, send_packet_count, port4, Accumulator, 13420108, 0, 0, 0, 4, 0, 0, 4, 4, 1, 1
polarfly_network.rtr0, output_port_stalls, port4, Accumulator, 13420108, 0, 0, 0, 0, 0, 0, 0, 0, 0, 0
polarfly_network.rtr0, idle_time, port4, Accumulator, 13420108, 0, 0, 0, 5, 0, 0, 13368108, 64406982892334, 116634, 6335079
polarfly_network.rtr0, width_adj_count, port4, Accumulator, 13420108, 0, 0, 0, 0, 0, 0, 0, 0, 0, 0
polarfly_network.rtr0, xbar_stalls, port0, Accumulator, 13420108, 0, 0, 0, 0, 0, 0, 0, 0, 0, 0
polarfly_network.rtr0, xbar_stalls, port1, Accumulator, 13420108, 0, 0, 0, 0, 0, 0, 0, 0, 0, 0
polarfly_network.rtr0, xbar_stalls, port2, Accumulator, 13420108, 0, 0, 0, 0, 0, 0, 0, 0, 0, 0
polarfly_network.rtr0, xbar_stalls, port3, Accumulator, 13420108, 0, 0, 0, 0, 0, 0, 0, 0, 0, 0
polarfly_network.rtr0, xbar_stalls, port4, Accumulator, 13420108, 0, 0, 0, 0, 0, 0, 0, 0, 0, 0
polarfly_network.rtr1:topology, hopcount1, , Accumulator, 13420108, 0, 0, 0, 0, 0, 0, 0, 0, 0, 0
polarfly_network.rtr1:topology, hopcount2, , Accumulator, 13420108, 0, 6, 6, 6, 1, 1, 0, 0, 0, 0
polarfly_network.rtr1:topology, hopcount3, , Accumulator, 13420108, 0, 0, 0, 0, 0, 0, 0, 0, 0, 0
polarfly_network.rtr1:topology, hopcount4, , Accumulator, 13420108, 0, 0, 0, 0, 0, 0, 0, 0, 0, 0
polarfly_network.rtr1, send_bit_count, port0, Accumulator, 13420108, 0, 0, 0, 6, 0, 0, 2352, 928128, 360, 424
polarfly_network.rtr1, send_packet_count, port0, Accumulator, 13420108, 0, 0, 0, 6, 0, 0, 6, 6, 1, 1
polarfly_network.rtr1, output_port_stalls, port0, Accumulator, 13420108, 0, 0, 0, 0, 0, 0, 0, 0, 0, 0
polarfly_network.rtr1, idle_time, port0, Accumulator, 13420108, 0, 0, 0, 7, 0, 0, 13342108, 36695501305486, 48651, 3930347
polarfly_network.rtr1, width_adj_count, port0, Accumulator, 13420108, 0, 0, 0, 0, 0, 0, 0, 0, 0, 0
polarfly_network.rtr1, send_bit_count, port1, Accumulator, 13420108, 0, 0, 0, 4, 0, 0, 1568, 618752, 360, 424
polarfly_network.rtr1, send_packet_count, port1, Accumulator, 13420108, 0, 0, 0, 4, 0, 0, 4, 4, 1, 1
polarfly_network.rtr1, output_port_stalls, port1, Accumulator, 13420108, 0, 0, 0, 0, 0, 0, 0, 0, 0, 0
polarfly_network.rtr1, idle_time, port1, Accumulator, 13420108, 0, 0, 0, 5, 0, 0, 13368108, 38200135245250, 1703701, 3275178
polarfly_network.rtr1, width_adj_count, port1, Accumulator, 13420108, 0, 0, 0, 0, 0, 0, 0, 0, 0, 0
polarfly_network.rtr1, send_bit_count, port2, Accumulator, 13420108, 0, 0, 0, 4, 0, 0, 1568, 618752, 360, 424
polarfly_network.rtr1, send_packet_count, port2, Accumulator, 13420108, 0, 0, 0, 4, 0, 0, 4, 4, 1, 1
polarfly_network.rtr1, output_port_stalls, port2, Accumulator, 13420108, 0, 0, 0, 0, 0, 0, 0, 0, 0, 0
polarfly_network.rtr1, idle_time, port2, Accumulator, 13420108, 0, 0, 0, 5, 0, 0, 13368108, 48477032909034, 597851, 4675494
polarfly_network.rtr1, width_adj_count, port2, Accumulator, 13420108, 0, 0, 0, 0, 0, 0, 0, 0, 0, 0
polarfly_network.rtr1, send_bit_count, port3, Accumulator, 13420108, 0, 0, 0, 2, 0, 0, 784, 309376, 360, 424
polarfly_network.rtr1, send_packet_count, port3, Accumulator, 13420108, 0, 0, 0, 2, 0, 0, 2, 2, 1, 1
polarfly_network.rtr1, output_port_stalls, port3, Accumulator, 13420108, 0, 0, 0, 0, 0, 0, 0, 0, 0, 0
polarfly_network.rtr1, idle_time, port3, Accumulator, 13420108, 0, 0, 0, 3, 0, 0, 13394108, 71119676774194, 1834335, 6465713
polarfly_network.rtr1, width_adj_count, port3, Accumulator, 13420108, 0, 0, 0, 0, 0, 0, 0, 0, 0, 0
polarfly_network.rtr1, send_bit_count, port4, Accumulator, 13420108, 0, 0, 0, 4, 0, 0, 1568, 618752, 360, 424
polarfly_network.rtr1, send_packet_count, port4, Accumulator, 13420108, 0, 0, 0, 4, 0, 0, 4, 4, 1, 1
polarfly_network.rtr1, output_port_stalls, port4, Accumulator, 13420108, 0, 0, 0, 0, 0, 0, 0, 0, 0, 0
polarfly_network.rtr1, idle_time, port4, Accumulator, 13420108, 0, 0, 0, 5, 0, 0, 13368108, 41660530332816, 570651, 3531114
polarfly_network.rtr1, width_adj_count, port4, Accumulator, 13420108, 0, 0, 0, 0, 0, 0, 0, 0, 0, 0
polarfly_network.rtr1, xbar_stalls, port0, Accumulator, 13420108, 0, 0, 0, 0, 0, 0, 0, 0, 0, 0
polarfly_network.rtr1, xbar_stalls, port1, Accumulator, 13420108, 0, 0, 0, 0, 0, 0, 0, 0, 0, 0
polarfly_network.rtr1, xbar_stalls, port2, Accumulator, 13420108, 0, 0, 0, 0, 0, 0, 0, 0, 0, 0
polarfly_network.rtr1, xbar_stalls, port3, Accumulator, 13420108, 0, 0, 0, 0, 0, 0, 0, 0, 0, 0
polarfly_network.rtr1, xbar_stalls, port4, Accumulator, 13420108, 0, 0, 0, 0, 0, 0, 0, 0, 0, 0
polarfly_network.rtr2:topology, hopcount1, , Accumulator, 13420108, 0, 0, 0, 0, 0, 0, 0, 0, 0, 0
polarfly_network.rtr2:topology, hopcount2, , Accumulator, 13420108, 0, 6, 6, 6, 1, 1, 0, 0, 0, 0
polarfly_network.rtr2:topology, hopcount3, , Accumulator, 13420108, 0, 0, 0, 0, 0, 0, 0, 0, 0, 0
polarfly_network.rtr2:topology, hopcount4, , Accumulator, 13420108, 0, 0, 0, 0, 0, 0, 0, 0, 0, 0
polarfly_network.rtr2, send_bit_count, port0, Accumulator, 13420108, 0, 0, 0, 6, 0, 0, 2352, 928128, 360, 424
polarfly_network.rtr2, send_packet_count, port0, Accumulator, 13420108, 0, 0, 0, 6, 0, 0, 6, 6, 1, 1
polarfly_network.rtr2, output_port_stalls, port0, Accumulator, 13420108, 0, 0, 0, 0, 0, 0, 0, 0, 0, 0
polarfly_network.rtr2, idle_time, port0, Accumulator, 13420108, 0, 0, 0, 7, 0, 0, 13342108, 28204539115518, 660502, 2518164
polarfly_network.rtr2, width_adj_count, port0, Accumulator, 13420108, 0, 0, 0, 0, 0, 0, 0, 0, 0, 0
polarfly_network.rtr2, send_bit_count, port1, Accumulator, 13420108, 0, 0, 0, 4, 0, 0, 1568, 618752, 360, 424
polarfly_network.rtr2, send_packet_count, port1, Accumulator, 13420108, 0, 0, 0, 4, 0, 0, 4, 4, 1, 1
polarfly_network.rtr2, output_port_stalls, port1, Accumulator, 13420108, 0, 0, 0, 0, 0, 0, 0, 0, 0, 0
polarfly_network.rtr2, idle_time, port1, Accumulator, 13420108, 0, 0, 0, 5, 0, 0, 13368108, 38643531824386, 1703701, 3422474
polarfly_network.rtr2, width_adj_count, port1, Accumulator, 13420108, 0, 0, 0, 0, 0, 0, 0, 0, 0, 0
polarfly_network.rtr2, send_bit_count, port2, Accumulator, 13420108, 0, 0, 0, 4, 0, 0, 1568, 618752, 360, 424
polarfly_network.rtr2, send_packet_count, port2, Accumulator, 13420108, 0, 0, 0, 4, 0, 0, 4, 4, 1, 1
polarfly_network.rtr2, output_port_stalls, port2, Accumulator, 13420108, 0, 0, 0, 0, 0, 0, 0, 0, 0, 0
polarfly_network.rtr2, idle_time, port2, Accumulator, 13420108, 0, 0, 0, 5, 0, 0, 13368108, 71367554348992, 53983, 6397730
polarfly_network.rtr2, width_adj_count, port2, Accumulator, 13420108, 0, 0, 0, 0, 0, 0, 0, 0, 0, 0
polarfly_network.rtr2, send_bit_count, port3, Accumulator, 13420108, 0, 0, 0, 0, 0, 0, 0, 0, 0, 0
polarfly_network.rtr2, send_packet_count, port3, Accumulator, 13420108, 0, 0, 0, 0, 0, 0, 0, 0, 0, 0
polarfly_network.rtr2, output_port_stalls, port3, Accumulator, 13420108, 0, 0, 0, 0, 0, 0, 0, 0, 0, 0
polarfly_network.rtr2, idle_time, port3, Accumulator, 13420108, 0, 0, 0, 1, 0, 0, 13420108, 180099298731664, 13420108, 13420108
polarfly_network.rtr2, width_adj_count, port3, Accumulator, 13420108, 0, 0, 0, 0, 0, 0, 0, 0, 0, 0
polarfly_network.rtr2, send_bit_count, port4, Accumulator, 13420108, 0, 0, 0, 2, 0, 0, 784, 309376, 360, 424
polarfly_network.rtr2, send_packet_count, port4, Accumulator, 13420108, 0, 0, 0, 2, 0, 0, 2, 2, 1, 1
polarfly_network.rtr2, output_port_stalls, port4, Accumulator, 13420108, 0, 0, 0, 0, 0, 0, 0, 0, 0, 0
polarfly_network.rtr2, idle_time, port4, Accumulator, 13420108, 0, 0, 0, 3, 0, 0, 13394108, 66650649110494, 2814630, 6465713
polarfly_network.rtr2, width_adj_count, port4, Accumulator, 13420108, 0, 0, 0, 0, 0, 0, 0, 0, 0, 0
polarfly_network.rtr2, xbar_stalls, port0, Accumulator, 13420108, 0, 0, 0, 0, 0, 0, 0, 0, 0, 0
polarfly_network.rtr2, xbar_stalls, port1, Accumulator, 13420108, 0, 0, 0, 0, 0, 0, 0, 0, 0, 0
polarfly_network.rtr2, xbar_stalls, port2, Accumulator, 13420108, 0, 0, 0, 0, 0, 0, 0, 0, 0, 0
polarfly_network.rtr2, xbar_stalls, port3, Accumulator, 13420108, 0, 0, 0, 0, 0, 0, 0, 0, 0, 0
polarfly_network.rtr2, xbar_stalls, port4, Accumulator, 13420108, 0, 0, 0, 0, 0, 0, 0, 0, 0, 0
polarfly_network.rtr3:topology, hopcount1, , Accumulator, 13420108, 0, 4, 4, 4, 1, 1, 0, 0, 0, 0
polarfly_network.rtr3:topology, hopcount2, , Accumulator, 13420108, 0, 2, 2, 2, 1, 1, 0, 0, 0, 0
polarfly_network.rtr3:topology, hopcount3, , Accumulator, 13420108, 0, 0, 0, 0, 0, 0, 0, 0, 0, 0
polarfly_network.rtr3:topology, hopcount4, , Accumulator, 13420108, 0, 0, 0, 0, 0, 0, 0, 0, 0, 0
polarfly_network.rtr3, send_bit_count, port0, Accumulator, 13420108, 0, 0, 0, 6, 0, 0, 2352, 928128, 360, 424
polarfly_network.rtr3, send_packet_count, port0, Accumulator, 13420108, 0, 0, 0, 6, 0, 0, 6, 6, 1, 1
polarfly_network.rtr3, output_port_stalls, port0, Accumulator, 13420108, 0, 0, 0, 0, 0, 0, 0, 0, 0, 0
polarfly_network.rtr3, idle_time, port0, Accumulator, 13420108, 0, 0, 0, 6, 0, 0, 13342108, 48089720645692, 118634, 4593511
polarfly_network.rtr3, width_adj_count, port0, Accumulator, 13420108, 0, 0, 0, 0, 0, 0, 0, 0, 0, 0
polarfly_network.rtr3, send_bit_count, port1, Accumulator, 13420108, 0, 0, 0, 0, 0, 0, 0, 0, 0, 0
polarfly_network.rtr3, send_packet_count, port1, Accumulator, 13420108, 0, 0, 0, 0, 0, 0, 0, 0, 0, 0
polarfly_network.rtr3, output_port_stalls, port1, Accumulator, 13420108, 0, 0, 0, 0, 0, 0, 0, 0, 0, 0
polarfly_network.rtr3, idle_time, port1, Accumulator, 13420108, 0, 0, 0, 1, 0, 0, 13420108, 180099298731664, 13420108, 13420108
polarfly_network.rtr3, width_adj_count, port1, Accumulator, 13420108, 0, 0, 0, 0, 0, 0, 0, 0, 0, 0
polarfly_network.rtr3, send_bit_count, port2, Accumulator, 13420108, 0, 0, 0, 2, 0, 0, 784, 309376, 360, 424
polarfly_network.rtr3, send_packet_count, port2, Accumulator, 13420108, 0, 0, 0, 2, 0, 0, 2, 2, 1, 1
polarfly_network.rtr3, output_port_stalls, port2, Accumulator, 13420108, 0, 0, 0, 0, 0, 0, 0, 0, 0, 0
polarfly_network.rtr3, idle_time, port2, Accumulator, 13420108, 0, 0, 0, 3, 0, 0, 13394108, 79012744213894, 894570, 6465713
polarfly_network.rtr3, width_adj_count, port2, Accumulator, 13420108, 0, 0, 0, 0, 0, 0, 0, 0, 0, 0
polarfly_network.rtr3, send_bit_count, port3, Accumulator, 13420108, 0, 0, 0, 4, 0, 0, 1568, 618752, 360, 424
polarfly_network.rtr3, send_packet_count, port3, Accumulator, 13420108, 0, 0, 0, 4, 0, 0, 4, 4, 1, 1
polarfly_network.rtr3, output_port_stalls, port3, Accumulator, 13420108, 0, 0, 0, 0, 0, 0, 0, 0, 0, 0
polarfly_network.rtr3, idle_time, port3, Accumulator, 13420108, 0, 0, 0, 5, 0, 0, 13368108, 47726915727890, 763936, 4533530
polarfly_network.rtr3, width_adj_count, port3, Accumulator, 13420108, 0, 0, 0, 0, 0, 0, 0, 0, 0, 0
polarfly_network.rtr3, send_bit_count, port4, Accumulator, 13420108, 0, 0, 0, 0, 0, 0, 0, 0, 0, 0
polarfly_network.rtr3, send_packet_count, port4, Accumulator, 13420108, 0, 0, 0, 0, 0, 0, 0, 0, 0, 0
polarfly_network.rtr3, output_port_stalls, port4, Accumulator, 13420108, 0, 0, 0, 0, 0, 0, 0, 0, 0, 0
polarfly_network.rtr3, idle_time, port4, Accumulator, 13420108, 0, 0, 0, 1, 0, 0, 13420108, 180099298731664, 13420108, 13420108
polarfly_network.rtr3, width_adj_count, port4, Accumulator, 13420108, 0, 0, 0, 0, 0, 0, 0, 0, 0, 0
polarfly_network.rtr3, xbar_stalls, port0, Accumulator, 13420108, 0, 0, 0, 0, 0, 0, 0, 0, 0, 0
polarfly_network.rtr3, xbar_stalls, port1, Accumulator, 13420108, 0, 0, 0, 0, 0, 0, 0, 0, 0, 0
polarfly_network.rtr3, xbar_stalls, port2, Accumulator, 13420108, 0, 0, 0, 0, 0, 0, 0, 0, 0, 0
polarfly_network.rtr3, xbar_stalls, port3, Accumulator, 13420108, 0, 0, 0, 7, 0, 0, 7, 7, 1, 1
polarfly_network.rtr3, xbar_stalls, port4, Accumulator, 13420108, 0, 0, 0, 0, 0, 0, 0, 0, 0, 0
polarfly_network.rtr4:topology, hopcount1, , Accumulator, 13420108, 0, 0, 0, 0, 0, 0, 0, 0, 0, 0
polarfly_network.rtr4:topology, hopcount2, , Accumulator, 13420108, 0, 6, 6, 6, 1, 1, 0, 0, 0, 0
polarfly_network.rtr4:topology, hopcount3, , Accumulator, 13420108, 0, 0, 0, 0, 0, 0, 0, 0, 0, 0
polarfly_network.rtr4:topology, hopcount4, , Accumulator, 13420108, 0, 0, 0, 0, 0, 0, 0, 0, 0, 0
polarfly_network.rtr4, send_bit_count, port0, Accumulator, 13420108, 0, 0, 0, 6, 0, 0, 2352, 928128, 360, 424
polarfly_network.rtr4, send_packet_count, port0, Accumulator, 13420108, 0, 0, 0, 6, 0, 0, 6, 6, 1, 1
polarfly_network.rtr4, output_port_stalls, port0, Accumulator, 13420108, 0, 0, 0, 0, 0, 0, 0, 0, 0, 0
polarfly_network.rtr4, idle_time, port0, Accumulator, 13420108, 0, 0, 0, 6, 0, 0, 13342108, 47717383782518, 118634, 4661494
polarfly_network.rtr4, width_adj_count, port0, Accumulator, 13420108, 0, 0, 0, 0, 0, 0, 0, 0, 0, 0
polarfly_network.rtr4, send_bit_count, port1, Accumulator, 13420108, 0, 0, 0, 4, 0, 0, 1568, 618752, 360, 424
polarfly_network.rtr4, send_packet_count, port1, Accumulator, 13420108, 0, 0, 0, 4, 0, 0, 4, 4, 1, 1
polarfly_network.rtr4, output_port_stalls, port1, Accumulator, 13420108, 0, 0, 0, 0, 0, 0, 0, 0, 0, 0
polarfly_network.rtr4, idle_time, port1, Accumulator, 13420108, 0, 0, 0, 5, 0, 0, 13368108, 52726183721026, 597851, 5053530
polarfly_network.rtr4, width_adj_count, port1, Accumulator, 13420108, 0, 0, 0, 0, 0, 0, 0, 0, 0, 0
polarfly_network.rtr4, send_bit_count, port2, Accumulator, 13420108, 0, 0, 0, 4, 0, 0, 1568, 618752, 360, 424
polarfly_network.rtr4, send_packet_count, port2, Accumulator, 13420108, 0, 0, 0, 4, 0, 0, 4, 4, 1, 1
polarfly_network.rtr4, output_port_stalls, port2, Accumulator, 13420108, 0, 0, 0, 0, 0, 0, 0, 0, 0, 0
polarfly_network.rtr4, idle_time, port2, Accumulator, 13420108, 0, 0, 0, 5, 0, 0, 13368108, 63723708585626, 732480, 5719233
polarfly_network.rtr4, width_adj_count, port2, Accumulator, 13420108, 0, 0, 0, 0, 0, 0, 0, 0, 0, 0
polarfly_network.rtr4, send_bit_count, port3, Accumulator, 13420108, 0, 0, 0, 2, 0, 0, 784, 309376, 360, 424
polarfly_network.rtr4, send_packet_count, port3, Accumulator, 13420108, 0, 0, 0, 2, 0, 0, 2, 2, 1, 1
polarfly_network.rtr4, output_port_stalls, port3, Accumulator, 13420108, 0, 0, 0, 0, 0, 0, 0, 0, 0, 0
polarfly_network.rtr4, idle_time, port3, Accumulator, 13420108, 0, 0, 0, 3, 0, 0, 13394108, 81834711900222, 633302, 6465713
polarfly_network.rtr4, width_adj_count, port3, Accumulator, 13420108, 0, 0, 0, 0, 0, 0, 0, 0, 0, 0
polarfly_network.rtr4, xbar_stalls, port0, Accumulator, 13420108, 0, 0, 0, 0, 0, 0, 0, 0, 0, 0
polarfly_network.rtr4, xbar_stalls, port1, Accumulator, 13420108, 0, 0, 0, 0, 0, 0, 0, 0, 0, 0
polarfly_network.rtr4, xbar_stalls, port2, Accumulator, 13420108, 0, 0, 0, 0, 0, 0, 0, 0, 0, 0
polarfly_network.rtr4, xbar_stalls, port3, Accumulator, 13420108, 0, 0, 0, 7, 0, 0, 7, 7, 1, 1
polarfly_network.rtr4, xbar_stalls, port4, Accumulator, 13420108, 0, 0, 0, 0, 0, 0, 0, 0, 0, 0
polarfly_network.rtr5:topology, hopcount1, , Accumulator, 13420108, 0, 0, 0, 0, 0, 0, 0, 0, 0, 0
polarfly_network.rtr5:topology, hopcount2, , Accumulator, 13420108, 0, 6, 6, 6, 1, 1, 0, 0, 0, 0
polarfly_network.rtr5:topology, hopcount3, , Accumulator, 13420108, 0, 0, 0, 0, 0, 0, 0, 0, 0, 0
polarfly_network.rtr5:topology, hopcount4, , Accumulator, 13420108, 0, 0, 0, 0, 0, 0, 0, 0, 0, 0
polarfly_network.rtr5, send_bit_count, port0, Accumulator, 13420108, 0, 0, 0, 6, 0, 0, 2352, 928128, 360, 424
polarfly_network.rtr5, send_packet_count, port0, Accumulator, 13420108, 0, 0, 0, 6, 0, 0, 6, 6, 1, 1
polarfly_network.rtr5, output_port_stalls, port0, Accumulator, 13420108, 0, 0, 0, 0, 0, 0, 0, 0, 0, 0
polarfly_network.rtr5, idle_time, port0, Accumulator, 13420108, 0, 0, 0, 6, 0, 0, 13342108, 47717383782518, 118634, 4661494
polarfly_network.rtr5, width_adj_count, port0, Accumulator, 13420108, 0, 0, 0, 0, 0, 0, 0, 0, 0, 0
polarfly_network.rtr5, send_bit_count, port1, Accumulator, 13420108, 0, 0, 0, 4, 0, 0, 1568, 618752, 360, 424
polarfly_network.rtr5, send_packet_count, port1, Accumulator, 13420108, 0, 0, 0, 4, 0, 0, 4, 4, 1, 1
polarfly_network.rtr5, output_port_stalls, port1, Accumulator, 13420108, 0, 0, 0, 0, 0, 0, 0, 0, 0, 0
polarfly_network.rtr5, idle_time, port1, Accumulator, 13420108, 0, 0, 0, 5, 0, 0, 13368108, 46947518364622, 633302, 4408228
polarfly_network.rtr5, width_adj_count, port1, Accumulator, 13420108, 0, 0, 0, 0, 0, 0, 0, 0, 0, 0
polarfly_network.rtr5, send_bit_count, port2, Accumulator, 13420108, 0, 0, 0, 0, 0, 0, 0, 0, 0, 0
polarfly_network.rtr5, send_packet_count, port2, Accumulator, 13420108, 0, 0, 0, 0, 0, 0, 0, 0, 0, 0
polarfly_network.rtr5, output_port_stalls, port2, Accumulator, 13420108, 0, 0, 0, 0, 0, 0, 0, 0, 0, 0
polarfly_network.rtr5, idle_time, port2, Accumulator, 13420108, 0, 0, 0, 1, 0, 0, 13420108, 180099298731664, 13420108, 13420108
polarfly_network.rtr5, width_adj_count, port2, Accumulator, 13420108, 0, 0, 0, 0, 0, 0, 0, 0, 0, 0
polarfly_network.rtr5, send_bit_count, port3, Accumulator, 13420108, 0, 0, 0, 2, 0, 0, 784, 309376, 360, 424
polarfly_network.rtr5, send_packet_count, port3, Accumulator, 13420108, 0, 0, 0, 2, 0, 0, 2, 2, 1, 1
polarfly_network.rtr5, output_port_stalls, port3, Accumulator, 13420108, 0, 0, 0, 0, 0, 0, 0, 0, 0, 0
polarfly_network.rtr5, idle_time, port3, Accumulator, 13420108, 0, 0, 0, 3, 0, 0, 13394108, 80389597573146, 763936, 6465713
polarfly_network.rtr5, width_adj_count, port3, Accumulator, 13420108, 0, 0, 0, 0, 0, 0, 0, 0, 0, 0
polarfly_network.rtr5, xbar_stalls, port0, Accumulator, 13420108, 0, 0, 0, 0, 0, 0, 0, 0, 0, 0
polarfly_network.rtr5, xbar_stalls, port1, Accumulator, 13420108, 0, 0, 0, 0, 0, 0, 0, 0, 0, 0
polarfly_network.rtr5, xbar_stalls, port2, Accumulator, 13420108, 0, 0, 0, 0, 0, 0, 0, 0, 0, 0
polarfly_network.rtr5, xbar_stalls, port3, Accumulator, 13420108, 0, 0, 0, 7, 0, 0, 7, 7, 1, 1
polarfly_network.rtr5, xbar_stalls, port4, Accumulator, 13420108, 0, 0, 0, 0, 0, 0, 0, 0, 0, 0
polarfly_network.rtr6:topology, hopcount1, , Accumulator, 13420108, 0, 0, 0, 0, 0, 0, 0, 0, 0, 0
polarfly_network.rtr6:topology, hopcount2, , Accumulator, 13420108, 0, 2, 2, 2, 1, 1, 0, 0, 0, 0
polarfly_network.rtr6:topology, hopcount3, , Accumulator, 13420108, 0, 0, 0, 0, 0, 0, 0, 0, 0, 0
polarfly_network.rtr6:topology, hopcount4, , Accumulator, 13420108, 0, 0, 0, 0, 0, 0, 0, 0, 0, 0
polarfly_network.rtr6, send_bit_count, port0, Accumulator, 13420108, 0, 0, 0, 2, 0, 0, 784, 309376, 360, 424
polarfly_network.rtr6, send_packet_count, port0, Accumulator, 13420108, 0, 0, 0, 2, 0, 0, 2, 2, 1, 1
polarfly_network.rtr6, output_port_stalls, port0, Accumulator, 13420108, 0, 0, 0, 0, 0, 0, 0, 0, 0, 0
polarfly_network.rtr6, idle_time, port0, Accumulator, 13420108, 0, 0, 0, 3, 0, 0, 13394108, 73938773290494, 1447765, 6465713
polarfly_network.rtr6, width_adj_count, port0, Accumulator, 13420108, 0, 0, 0, 0, 0, 0, 0, 0, 0, 0
polarfly_network.rtr6, send_bit_count, port1, Accumulator, 13420108, 0, 0, 0, 0, 0, 0, 0, 0, 0, 0
polarfly_network.rtr6, send_packet_count, port1, Accumulator, 13420108, 0, 0, 0, 0, 0, 0, 0, 0, 0, 0
polarfly_network.rtr6, output_port_stalls, port1, Accumulator, 13420108, 0, 0, 0, 0, 0, 0, 0, 0, 0, 0
polarfly_network.rtr6, idle_time, port1, Accumulator, 13420108, 0, 0, 0, 1, 0, 0, 13420108, 180099298731664, 13420108, 13420108
polarfly_network.rtr6, width_adj_count, port1, Accumulator, 13420108, 0, 0, 0, 0, 0, 0, 0, 0, 0, 0
polarfly_network.rtr6, send_bit_count, port2, Accumulator, 13420108, 0, 0, 0, 4, 0, 0, 1568, 618752, 360, 424
polarfly_network.rtr6, send_packet_count, port2, Accumulator, 13420108, 0, 0, 0, 4, 0, 0, 4, 4, 1, 1
polarfly_network.rtr6, output_port_stalls, port2, Accumulator, 13420108, 0, 0, 0, 0, 0, 0, 0, 0, 0, 0
polarfly_network.rtr6, idle_time, port2, Accumulator, 13420108, 0, 0, 0, 5, 0, 0, 13368108, 72220514258358, 48651, 6181248
polarfly_network.rtr6, width_adj_count, port2, Accumulator, 13420108, 0, 0, 0, 0, 0, 0, 0, 0, 0, 0
polarfly_network.rtr6, send_bit_count, port3, Accumulator, 13420108, 0, 0, 0, 0, 0, 0, 0, 0, 0, 0
polarfly_network.rtr6, send_packet_count, port3, Accumulator, 13420108, 0, 0, 0, 0, 0, 0, 0, 0, 0, 0
polarfly_network.rtr6, output_port_stalls, port3, Accumulator, 13420108, 0, 0, 0, 0, 0, 0, 0, 0, 0, 0
polarfly_network.rtr6, idle_time, port3, Accumulator, 13420108, 0, 0, 0, 1, 0, 0, 13420108, 180099298731664, 13420108, 13420108
polarfly_network.rtr6, width_adj_count, port3, Accumulator, 13420108, 0, 0, 0, 0, 0, 0, 0, 0, 0, 0
polarfly_network.rtr6, send_bit_count, port4, Accumulator, 13420108, 0, 0, 0, 2, 0, 0, 784, 309376, 360, 424
polarfly_network.rtr6, send_packet_count, port4, Accumulator, 13420108, 0, 0, 0, 2, 0, 0, 2, 2, 1, 1
polarfly_network.rtr6, output_port_stalls, port4, Accumulator, 13420108, 0, 0, 0, 0, 0, 0, 0, 0, 0, 0
polarfly_network.rtr6, idle_time, port4, Accumulator, 13420108, 0, 0, 0, 3, 0, 0, 13394108, 81074144201694, 701285, 6465713
polarfly_network.rtr6, width_adj_count, port4, Accumulator, 13420108, 0, 0, 0, 0, 0, 0, 0, 0, 0, 0
polarfly_network.rtr6, xbar_stalls, port0, Accumulator, 13420108, 0, 0, 0, 0, 0, 0, 0, 0, 0, 0
polarfly_network.rtr6, xbar_stalls, port1, Accumulator, 13420108, 0, 0, 0, 0, 0, 0, 0, 0, 0, 0
polarfly_network.rtr6, xbar_stalls, port2, Accumulator, 13420108, 0, 0, 0, 0, 0, 0, 0, 0, 0, 0
polarfly_network.rtr6, xbar_stalls, port3, Accumulator, 13420108, 0, 0, 0, 0, 0, 0, 0, 0, 0, 0
polarfly_network.rtr6, xbar_stalls, port4, Accumulator, 13420108, 0, 0, 0, 0, 0, 0, 0, 0, 0, 0
polarfly_network.rtr7:topology, hopcount1, , Accumulator, 13420108, 0, 2, 2, 2, 1, 1, 0, 0, 0, 0
polarfly_network.rtr7:topology, hopcount2, , Accumulator, 13420108, 0, 0, 0, 0, 0, 0, 0, 0, 0, 0
polarfly_network.rtr7:topology, hopcount3, , Accumulator, 13420108, 0, 0, 0, 0, 0, 0, 0, 0, 0, 0
polarfly_network.rtr7:topology, hopcount4, , Accumulator, 13420108, 0, 0, 0, 0, 0, 0, 0, 0, 0, 0
polarfly_network.rtr7, send_bit_count, port0, Accumulator, 13420108, 0, 0, 0, 2, 0, 0, 784, 309376, 360, 424
polarfly_network.rtr7, send_packet_count, port0, Accumulator, 13420108, 0, 0, 0, 2, 0, 0, 2, 2, 1, 1
polarfly_network.rtr7, output_port_stalls, port0, Accumulator, 13420108, 0, 0, 0, 0, 0, 0, 0, 0, 0, 0
polarfly_network.rtr7, idle_time, port0, Accumulator, 13420108, 0, 0, 0, 3, 0, 0, 13394108, 79664553439506, 831919, 6465713
polarfly_network.rtr7, width_adj_count, port0, Accumulator, 13420108, 0, 0, 0, 0, 0, 0, 0, 0, 0, 0
polarfly_network.rtr7, send_bit_count, port1, Accumulator, 13420108, 0, 0, 0, 0, 0, 0, 0, 0, 0, 0
polarfly_network.rtr7, send_packet_count, port1, Accumulator, 13420108, 0, 0, 0, 0, 0, 0, 0, 0, 0, 0
polarfly_network.rtr7, output_port_stalls, port1, Accumulator, 13420108, 0, 0, 0, 0, 0, 0, 0, 0, 0, 0
polarfly_network.rtr7, idle_time, port1, Accumulator, 13420108, 0, 0, 0, 1, 0, 0, 13420108, 180099298731664, 13420108, 13420108
polarfly_network.rtr7, width_adj_count, port1, Accumulator, 13420108, 0, 0, 0, 0, 0, 0, 0, 0, 0, 0
polarfly_network.rtr7, send_bit_count, port2, Accumulator, 13420108, 0, 0, 0, 2, 0, 0, 784, 309376, 360, 424
polarfly_network.rtr7, send_packet_count, port2, Accumulator, 13420108, 0, 0, 0, 2, 0, 0, 2, 2, 1, 1
polarfly_network.rtr7, output_port_stalls, port2, Accumulator, 13420108, 0, 0, 0, 0, 0, 0, 0, 0, 0, 0
polarfly_network.rtr7, idle_time, port2, Accumulator, 13420108, 0, 0, 0, 3, 0, 0, 13394108, 82962316022032, 535200, 6437184
polarfly_network.rtr7, width_adj_count, port2, Accumulator, 13420108, 0, 0, 0, 0, 0, 0, 0, 0, 0, 0
polarfly_network.rtr7, send_bit_count, port3, Accumulator, 13420108, 0, 0, 0, 0, 0, 0, 0, 0, 0, 0
polarfly_network.rtr7, send_packet_count, port3, Accumulator, 13420108, 0, 0, 0, 0, 0, 0, 0, 0, 0, 0
polarfly_network.rtr7, output_port_stalls, port3, Accumulator, 13420108, 0, 0, 0, 0, 0, 0, 0, 0, 0, 0
polarfly_network.rtr7, idle_time, port3, Accumulator, 13420108, 0, 0, 0, 1, 0, 0, 13420108, 180099298731664, 13420108, 13420108
polarfly_network.rtr7, width_adj_count, port3, Accumulator, 13420108, 0, 0, 0, 0, 0, 0, 0, 0, 0, 0
polarfly_network.rtr7, xbar_stalls, port0, Accumulator, 13420108, 0, 0, 0, 0, 0, 0, 0, 0, 0, 0
polarfly_network.rtr7, xbar_stalls, port1, Accumulator, 13420108, 0, 0, 0, 0, 0, 0, 0, 0, 0, 0
polarfly_network.rtr7, xbar_stalls, port2, Accumulator, 13420108, 0, 0, 0, 0, 0, 0, 0, 0, 0, 0
polarfly_network.rtr7, xbar_stalls, port3, Accumulator, 13420108, 0, 0, 0, 0, 0, 0, 0, 0, 0, 0
polarfly_network.rtr7, xbar_stalls, port4, Accumulator, 13420108, 0, 0, 0, 0, 0, 0, 0, 0, 0, 0
polarfly_network.rtr8:topology, hopcount1, , Accumulator, 13420108, 0, 2, 2, 2, 1, 1, 0, 0, 0, 0
polarfly_network.rtr8:topology, hopcount2, , Accumulator, 13420108, 0, 0, 0, 0, 0, 0, 0, 0, 0, 0
polarfly_network.rtr8:topology, hopcount3, , Accumulator, 13420108, 0, 0, 0, 0, 0, 0, 0, 0, 0, 0
polarfly_network.rtr8:topology, hopcount4, , Accumulator, 13420108, 0, 0, 0, 0, 0, 0, 0, 0, 0, 0
polarfly_network.rtr8, send_bit_count, port0, Accumulator, 13420108, 0, 0, 0, 2, 0, 0, 784, 309376, 360, 424
polarfly_network.rtr8, send_packet_count, port0, Accumulator, 13420108, 0, 0, 0, 2, 0, 0, 2, 2, 1, 1
polarfly_network.rtr8, output_port_stalls, port0, Accumulator, 13420108, 0, 0, 0, 0, 0, 0, 0, 0, 0, 0
polarfly_network.rtr8, idle_time, port0, Accumulator, 13420108, 0, 0, 0, 3, 0, 0, 13394108, 81074144201694, 701285, 6465713
polarfly_network.rtr8, width_adj_count, port0, Accumulator, 13420108, 0, 0, 0, 0, 0, 0, 0, 0, 0, 0
polarfly_network.rtr8, send_bit_count, port1, Accumulator, 13420108, 0, 0, 0, 2, 0, 0, 784, 309376, 360, 424
polarfly_network.rtr8, send_packet_count, port1, Accumulator, 13420108, 0, 0, 0, 2, 0, 0, 2, 2, 1, 1
polarfly_network.rtr8, output_port_stalls, port1, Accumulator, 13420108, 0, 0, 0, 0, 0, 0, 0, 0, 0, 0
polarfly_network.rtr8, idle_time, port1, Accumulator, 13420108, 0, 0, 0, 3, 0, 0, 13394108, 71745195150162, 1725569, 6421724
polarfly_network.rtr8, width_adj_count, port1, Accumulator, 13420108, 0, 0, 0, 0, 0, 0, 0, 0, 0, 0
polarfly_network.rtr8, send_bit_count, port2, Accumulator, 13420108, 0, 0, 0, 4, 0, 0, 1568, 618752, 360, 424
polarfly_network.rtr8, send_packet_count, port2, Accumulator, 13420108, 0, 0, 0, 4, 0, 0, 4, 4, 1, 1
polarfly_network.rtr8, output_port_stalls, port2, Accumulator, 13420108, 0, 0, 0, 0, 0, 0, 0, 0, 0, 0
polarfly_network.rtr8, idle_time, port2, Accumulator, 13420108, 0, 0, 0, 5, 0, 0, 13368108, 48838947842342, 535200, 4607511
polarfly_network.rtr8, width_adj_count, port2, Accumulator, 13420108, 0, 0, 0, 0, 0, 0, 0, 0, 0, 0
polarfly_network.rtr8, send_bit_count, port3, Accumulator, 13420108, 0, 0, 0, 0, 0, 0, 0, 0, 0, 0
polarfly_network.rtr8, send_packet_count, port3, Accumulator, 13420108, 0, 0, 0, 0, 0, 0, 0, 0, 0, 0
polarfly_network.rtr8, output_port_stalls, port3, Accumulator, 13420108, 0, 0, 0, 0, 0, 0, 0, 0, 0, 0
polarfly_network.rtr8, idle_time, port3, Accumulator, 13420108, 0, 0, 0, 1, 0, 0, 13420108, 180099298731664, 13420108, 13420108
polarfly_network.rtr8, width_adj_count, port3, Accumulator, 13420108, 0, 0, 0, 0, 0, 0, 0, 0, 0, 0
polarfly_network.rtr8, xbar_stalls, port0, Accumulator, 13420108, 0, 0, 0, 0, 0, 0, 0, 0, 0, 0
polarfly_network.rtr8, xbar_stalls, port1, Accumulator, 13420108, 0, 0, 0, 0, 0, 0, 0, 0, 0, 0
polarfly_network.rtr8, xbar_stalls, port2, Accumulator, 13420108, 0, 0, 0, 0, 0, 0, 0, 0, 0, 0
polarfly_network.rtr8, xbar_stalls, port3, Accumulator, 13420108, 0, 0, 0, 0, 0, 0, 0, 0, 0, 0
polarfly_network.rtr8, xbar_stalls, port4, Accumulator, 13420108, 0, 0, 0, 0, 0, 0, 0, 0, 0, 0
polarfly_network.rtr9:topology, hopcount1, , Accumulator, 13420108, 0, 0, 0, 0, 0, 0, 0, 0, 0, 0
polarfly_network.rtr9:topology, hopcount2, , Accumulator, 13420108, 0, 2, 2, 2, 1, 1, 0, 0, 0, 0
polarfly_network.rtr9:topology, hopcount3, , Accumulator, 13420108, 0, 0, 0, 0, 0, 0, 0, 0, 0, 0
polarfly_network.rtr9:topology, hopcount4, , Accumulator, 13420108, 0, 0, 0, 0, 0, 0, 0, 0, 0, 0
polarfly_network.rtr9, send_bit_count, port0, Accumulator, 13420108, 0, 0, 0, 2, 0, 0, 784, 309376, 360, 424
polarfly_network.rtr9, send_packet_count, port0, Accumulator, 13420108, 0, 0, 0, 2, 0, 0, 2, 2, 1, 1
polarfly_network.rtr9, output_port_stalls, port0, Accumulator, 13420108, 0, 0, 0, 0, 0, 0, 0, 0, 0, 0
polarfly_network.rtr9, idle_time, port0, Accumulator, 13420108, 0, 0, 0, 3, 0, 0, 13394108, 81774391421446, 638634, 6465713
polarfly_network.rtr9, width_adj_count, port0, Accumulator, 13420108, 0, 0, 0, 0, 0, 0, 0, 0, 0, 0
polarfly_network.rtr9, send_bit_count, port1, Accumulator, 13420108, 0, 0, 0, 0, 0, 0, 0, 0, 0, 0
polarfly_network.rtr9, send_packet_count, port1, Accumulator, 13420108, 0, 0, 0, 0, 0, 0, 0, 0, 0, 0
polarfly_network.rtr9, output_port_stalls, port1, Accumulator, 13420108, 0, 0, 0, 0, 0, 0, 0, 0, 0, 0
polarfly_network.rtr9, idle_time, port1, Accumulator, 13420108, 0, 0, 0, 1, 0, 0, 13420108, 180099298731664, 13420108, 13420108
polarfly_network.rtr9, width_adj_count, port1, Accumulator, 13420108, 0, 0, 0, 0, 0, 0, 0, 0, 0, 0
polarfly_network.rtr9, send_bit_count, port2, Accumulator, 13420108, 0, 0, 0, 0, 0, 0, 0, 0, 0, 0
polarfly_network.rtr9, send_packet_count, port2, Accumulator, 13420108, 0, 0, 0, 0, 0, 0, 0, 0, 0, 0
polarfly_network.rtr9, output_port_stalls, port2, Accumulator, 13420108, 0, 0, 0, 0, 0, 0, 0, 0, 0, 0
polarfly_network.rtr9, idle_time, port2, Accumulator, 13420108, 0, 0, 0, 1, 0, 0, 13420108, 180099298731664, 13420108, 13420108
polarfly_network.rtr9, width_adj_count, port2, Accumulator, 13420108, 0, 0, 0, 0, 0, 0, 0, 0, 0, 0
polarfly_network.rtr9, send_bit_count, port3, Accumulator, 13420108, 0, 0, 0, 2, 0, 0, 784, 309376, 360, 424
polarfly_network.rtr9, send_packet_count, port3, Accumulator, 13420108, 0, 0, 0, 2, 0, 0, 2, 2, 1, 1
polarfly_network.rtr9, output_port_stalls, port3, Accumulator, 13420108, 0, 0, 0, 0, 0, 0, 0, 0, 0, 0
polarfly_network.rtr9, idle_time, port3, Accumulator, 13420108, 0, 0, 0, 3, 0, 0, 13394108, 83031057832282, 535200, 6615009
polarfly_network.rtr9, width_adj_count, port3, Accumulator, 13420108, 0, 0, 0, 0, 0, 0, 0, 0, 0, 0
polarfly_network.rtr9, send_bit_count, port4, Accumulator, 13420108, 0, 0, 0, 0, 0, 0, 0, 0, 0, 0
polarfly_network.rtr9, send_packet_count, port4, Accumulator, 13420108, 0, 0, 0, 0, 0, 0, 0, 0, 0, 0
polarfly_network.rtr9, output_port_stalls, port4, Accumulator, 13420108, 0, 0, 0, 0, 0, 0, 0, 0, 0, 0
polarfly_network.rtr9, idle_time, port4, Accumulator, 13420108, 0, 0, 0, 1, 0, 0, 13420108, 180099298731664, 13420108, 13420108
polarfly_network.rtr9, width_adj_count, port4, Accumulator, 13420108, 0, 0, 0, 0, 0, 0, 0, 0, 0, 0
polarfly_network.rtr9, xbar_stalls, port0, Accumulator, 13420108, 0, 0, 0, 0, 0, 0, 0, 0, 0, 0
polarfly_network.rtr9, xbar_stalls, port1, Accumulator, 13420108, 0, 0, 0, 0, 0, 0, 0, 0, 0, 0
polarfly_network.rtr9, xbar_stalls, port2, Accumulator, 13420108, 0, 0, 0, 0, 0, 0, 0, 0, 0, 0
polarfly_network.rtr9, xbar_stalls, port3, Accumulator, 13420108, 0, 0, 0, 0, 0, 0, 0, 0, 0, 0
polarfly_network.rtr9, xbar_stalls, port4, Accumulator, 13420108, 0, 0, 0, 0, 0, 0, 0, 0, 0, 0
polarfly_network.rtr10:topology, hopcount1, , Accumulator, 13420108, 0, 0, 0, 0, 0, 0, 0, 0, 0, 0
polarfly_network.rtr10:topology, hopcount2, , Accumulator, 13420108, 0, 2, 2, 2, 1, 1, 0, 0, 0, 0
polarfly_network.rtr10:topology, hopcount3, , Accumulator, 13420108, 0, 0, 0, 0, 0, 0, 0, 0, 0, 0
polarfly_network.rtr10:topology, hopcount4, , Accumulator, 13420108, 0, 0, 0, 0, 0, 0, 0, 0, 0, 0
polarfly_network.rtr10, send_bit_count, port0, Accumulator, 13420108, 0, 0, 0, 2, 0, 0, 784, 309376, 360, 424
polarfly_network.rtr10, send_packet_count, port0, Accumulator, 13420108, 0, 0, 0, 2, 0, 0, 2, 2, 1, 1
polarfly_network.rtr10, output_port_stalls, port0, Accumulator, 13420108, 0, 0, 0, 0, 0, 0, 0, 0, 0, 0
polarfly_network.rtr10, idle_time, port0, Accumulator, 13420108, 0, 0, 0, 3, 0, 0, 13394108, 83284980554394, 508000, 6465713
polarfly_network.rtr10, width_adj_count, port0, Accumulator, 13420108, 0, 0, 0, 0, 0, 0, 0, 0, 0, 0
polarfly_network.rtr10, send_bit_count, port1, Accumulator, 13420108, 0, 0, 0, 0, 0, 0, 0, 0, 0, 0
polarfly_network.rtr10, send_packet_count, port1, Accumulator, 13420108, 0, 0, 0, 0, 0, 0, 0, 0, 0, 0
polarfly_network.rtr10, output_port_stalls, port1, Accumulator, 13420108, 0, 0, 0, 0, 0, 0, 0, 0, 0, 0
polarfly_network.rtr10, idle_time, port1, Accumulator, 13420108, 0, 0, 0, 1, 0, 0, 13420108, 180099298731664, 13420108, 13420108
polarfly_network.rtr10, width_adj_count, port1, Accumulator, 13420108, 0, 0, 0, 0, 0, 0, 0, 0, 0, 0
polarfly_network.rtr10, send_bit_count, port2, Accumulator, 13420108, 0, 0, 0, 2, 0, 0, 784, 309376, 360, 424
polarfly_network.rtr10, send_packet_count, port2, Accumulator, 13420108, 0, 0, 0, 2, 0, 0, 2, 2, 1, 1
polarfly_network.rtr10, output_port_stalls, port2, Accumulator, 13420108, 0, 0, 0, 0, 0, 0, 0, 0, 0, 0
polarfly_network.rtr10, idle_time, port2, Accumulator, 13420108, 0, 0, 0, 3, 0, 0, 13394108, 82323596725786, 597851, 6615009
polarfly_network.rtr10, width_adj_count, port2, Accumulator, 13420108, 0, 0, 0, 0, 0, 0, 0, 0, 0, 0
polarfly_network.rtr10, send_bit_count, port3, Accumulator, 13420108, 0, 0, 0, 0, 0, 0, 0, 0, 0, 0
polarfly_network.rtr10, send_packet_count, port3, Accumulator, 13420108, 0, 0, 0, 0, 0, 0, 0, 0, 0, 0
polarfly_network.rtr10, output_port_stalls, port3, Accumulator, 13420108, 0, 0, 0, 0, 0, 0, 0, 0, 0, 0
polarfly_network.rtr10, idle_time, port3, Accumulator, 13420108, 0, 0, 0, 1, 0, 0, 13420108, 180099298731664, 13420108, 13420108
polarfly_network.rtr10, width_adj_count, port3, Accumulator, 13420108, 0, 0, 0, 0, 0, 0, 0, 0, 0, 0
polarfly_network.rtr10, send_bit_count, port4, Accumulator, 13420108, 0, 0, 0, 4, 0, 0, 1568, 618752, 360, 424
polarfly_network.rtr10, send_packet_count, port4, Accumulator, 13420108, 0, 0, 0, 4, 0, 0, 4, 4, 1, 1
polarfly_network.rtr10, output_port_stalls, port4, Accumulator, 13420108, 0, 0, 0, 0, 0, 0, 0, 0, 0, 0
polarfly_network.rtr10, idle_time, port4, Accumulator, 13420108, 0, 0, 0, 5, 0, 0, 13368108, 63287038895014, 535200, 5677910
polarfly_network.rtr10, width_adj_count, port4, Accumulator, 13420108, 0, 0, 0, 0, 0, 0, 0, 0, 0, 0
polarfly_network.rtr10, xbar_stalls, port0, Accumulator, 13420108, 0, 0, 0, 0, 0, 0, 0, 0, 0, 0
polarfly_network.rtr10, xbar_stalls, port1, Accumulator, 13420108, 0, 0, 0, 0, 0, 0, 0, 0, 0, 0
polarfly_network.rtr10, xbar_stalls, port2, Accumulator, 13420108, 0, 0, 0, 0, 0, 0, 0, 0, 0, 0
polarfly_network.rtr10, xbar_stalls, port3, Accumulator, 13420108, 0, 0, 0, 0, 0, 0, 0, 0, 0, 0
polarfly_network.rtr10, xbar_stalls, port4, Accumulator, 13420108, 0, 0, 0, 0, 0, 0, 0, 0, 0, 0
polarfly_network.rtr11:topology, hopcount1, , Accumulator, 13420108, 0, 0, 0, 0, 0, 0, 0, 0, 0, 0
polarfly_network.rtr11:topology, hopcount2, , Accumulator, 13420108, 0, 2, 2, 2, 1, 1, 0, 0, 0, 0
polarfly_network.rtr11:topology, hopcount3, , Accumulator, 13420108, 0, 0, 0, 0, 0, 0, 0, 0, 0, 0
polarfly_network.rtr11:topology, hopcount4, , Accumulator, 13420108, 0, 0, 0, 0, 0, 0, 0, 0, 0, 0
polarfly_network.rtr11, send_bit_count, port0, Accumulator, 13420108, 0, 0, 0, 2, 0, 0, 784, 309376, 360, 424
polarfly_network.rtr11, send_packet_count, port0, Accumulator, 13420108, 0, 0, 0, 2, 0, 0, 2, 2, 1, 1
polarfly_network.rtr11, output_port_stalls, port0, Accumulator, 13420108, 0, 0, 0, 0, 0, 0, 0, 0, 0, 0
polarfly_network.rtr11, idle_time, port0, Accumulator, 13420108, 0, 0, 0, 3, 0, 0, 13394108, 81774391421446, 638634, 6465713
polarfly_network.rtr11, width_adj_count, port0, Accumulator, 13420108, 0, 0, 0, 0, 0, 0, 0, 0, 0, 0
polarfly_network.rtr11, send_bit_count, port1, Accumulator, 13420108, 0, 0, 0, 0, 0, 0, 0, 0, 0, 0
polarfly_network.rtr11, send_packet_count, port1, Accumulator, 13420108, 0, 0, 0, 0, 0, 0, 0, 0, 0, 0
polarfly_network.rtr11, output_port_stalls, port1, Accumulator, 13420108, 0, 0, 0, 0, 0, 0, 0, 0, 0, 0
polarfly_network.rtr11, idle_time, port1, Accumulator, 13420108, 0, 0, 0, 1, 0, 0, 13420108, 180099298731664, 13420108, 13420108
polarfly_network.rtr11, width_adj_count, port1, Accumulator, 13420108, 0, 0, 0, 0, 0, 0, 0, 0, 0, 0
polarfly_network.rtr11, send_bit_count, port2, Accumulator, 13420108, 0, 0, 0, 2, 0, 0, 784, 309376, 360, 424
polarfly_network.rtr11, send_packet_count, port2, Accumulator, 13420108, 0, 0, 0, 2, 0, 0, 2, 2, 1, 1
polarfly_network.rtr11, output_port_stalls, port2, Accumulator, 13420108, 0, 0, 0, 0, 0, 0, 0, 0, 0, 0
polarfly_network.rtr11, idle_time, port2, Accumulator, 13420108, 0, 0, 0, 3, 0, 0, 13394108, 82471055078646, 597851, 6745643
polarfly_network.rtr11, width_adj_count, port2, Accumulator, 13420108, 0, 0, 0, 0, 0, 0, 0, 0, 0, 0
polarfly_network.rtr11, send_bit_count, port3, Accumulator, 13420108, 0, 0, 0, 0, 0, 0, 0, 0, 0, 0
polarfly_network.rtr11, send_packet_count, port3, Accumulator, 13420108, 0, 0, 0, 0, 0, 0, 0, 0, 0, 0
polarfly_network.rtr11, output_port_stalls, port3, Accumulator, 13420108, 0, 0, 0, 0, 0, 0, 0, 0, 0, 0
polarfly_network.rtr11, idle_time, port3, Accumulator, 13420108, 0, 0, 0, 1, 0, 0, 13420108, 180099298731664, 13420108, 13420108
polarfly_network.rtr11, width_adj_count, port3, Accumulator, 13420108, 0, 0, 0, 0, 0, 0, 0, 0, 0, 0
polarfly_network.rtr11, send_bit_count, port4, Accumulator, 13420108, 0, 0, 0, 4, 0, 0, 1568, 618752, 360, 424
polarfly_network.rtr11, send_packet_count, port4, Accumulator, 13420108, 0, 0, 0, 4, 0, 0, 4, 4, 1, 1
polarfly_network.rtr11, output_port_stalls, port4, Accumulator, 13420108, 0, 0, 0, 0, 0, 0, 0, 0, 0, 0
polarfly_network.rtr11, idle_time, port4, Accumulator, 13420108, 0, 0, 0, 5, 0, 0, 13368108, 67028994697466, 535200, 5808544
polarfly_network.rtr11, width_adj_count, port4, Accumulator, 13420108, 0, 0, 0, 0, 0, 0, 0, 0, 0, 0
polarfly_network.rtr11, xbar_stalls, port0, Accumulator, 13420108, 0, 0, 0, 0, 0, 0, 0, 0, 0, 0
polarfly_network.rtr11, xbar_stalls, port1, Accumulator, 13420108, 0, 0, 0, 0, 0, 0, 0, 0, 0, 0
polarfly_network.rtr11, xbar_stalls, port2, Accumulator, 13420108, 0, 0, 0, 0, 0, 0, 0, 0, 0, 0
polarfly_network.rtr11, xbar_stalls, port3, Accumulator, 13420108, 0, 0, 0, 0, 0, 0, 0, 0, 0, 0
polarfly_network.rtr11, xbar_stalls, port4, Accumulator, 13420108, 0, 0, 0, 0, 0, 0, 0, 0, 0, 0
polarfly_network.rtr12:topology, hopcount1, , Accumulator, 13420108, 0, 0, 0, 0, 0, 0, 0, 0, 0, 0
polarfly_network.rtr12:topology, hopcount2, , Accumulator, 13420108, 0, 2, 2, 2, 1, 1, 0, 0, 0, 0
polarfly_network.rtr12:topology, hopcount3, , Accumulator, 13420108, 0, 0, 0, 0, 0, 0, 0, 0, 0, 0
polarfly_network.rtr12:topology, hopcount4, , Accumulator, 13420108, 0, 0, 0, 0, 0, 0, 0, 0, 0, 0
polarfly_network.rtr12, send_bit_count, port0, Accumulator, 13420108, 0, 0, 0, 2, 0, 0, 784, 309376, 360, 424
polarfly_network.rtr12, send_packet_count, port0, Accumulator, 13420108, 0, 0, 0, 2, 0, 0, 2, 2, 1, 1
polarfly_network.rtr12, output_port_stalls, port0, Accumulator, 13420108, 0, 0, 0, 0, 0, 0, 0, 0, 0, 0
polarfly_network.rtr12, idle_time, port0, Accumulator, 13420108, 0, 0, 0, 3, 0, 0, 13394108, 83284980554394, 508000, 6465713
polarfly_network.rtr12, width_adj_count, port0, Accumulator, 13420108, 0, 0, 0, 0, 0, 0, 0, 0, 0, 0
polarfly_network.rtr12, send_bit_count, port1, Accumulator, 13420108, 0, 0, 0, 4, 0, 0, 1568, 618752, 360, 424
polarfly_network.rtr12, send_packet_count, port1, Accumulator, 13420108, 0, 0, 0, 4, 0, 0, 4, 4, 1, 1
polarfly_network.rtr12, output_port_stalls, port1, Accumulator, 13420108, 0, 0, 0, 0, 0, 0, 0, 0, 0, 0
polarfly_network.rtr12, idle_time, port1, Accumulator, 13420108, 0, 0, 0, 4, 0, 0, 13368108, 65900844652742, 24657, 6427056
polarfly_network.rtr12, width_adj_count, port1, Accumulator, 13420108, 0, 0, 0, 0, 0, 0, 0, 0, 0, 0
polarfly_network.rtr12, send_bit_count, port2, Accumulator, 13420108, 0, 0, 0, 4, 0, 0, 1568, 618752, 360, 424
polarfly_network.rtr12, send_packet_count, port2, Accumulator, 13420108, 0, 0, 0, 4, 0, 0, 4, 4, 1, 1
polarfly_network.rtr12, output_port_stalls, port2, Accumulator, 13420108, 0, 0, 0, 0, 0, 0, 0, 0, 0, 0
polarfly_network.rtr12, idle_time, port2, Accumulator, 13420108, 0, 0, 0, 5, 0, 0, 13368108, 41969072780582, 535200, 3667746
polarfly_network.rtr12, width_adj_count, port2, Accumulator, 13420108, 0, 0, 0, 0, 0, 0, 0, 0, 0, 0
polarfly_network.rtr12, send_bit_count, port3, Accumulator, 13420108, 0, 0, 0, 2, 0, 0, 784, 309376, 360, 424
polarfly_network.rtr12, send_packet_count, port3, Accumulator, 13420108, 0, 0, 0, 2, 0, 0, 2, 2, 1, 1
polarfly_network.rtr12, output_port_stalls, port3, Accumulator, 13420108, 0, 0, 0, 0, 0, 0, 0, 0, 0, 0
polarfly_network.rtr12, idle_time, port3, Accumulator, 13420108, 0, 0, 0, 3, 0, 0, 13394108, 67367502518994, 2580815, 6465713
polarfly_network.rtr12, width_adj_count, port3, Accumulator, 13420108, 0, 0, 0, 0, 0, 0, 0, 0, 0, 0
polarfly_network.rtr12, send_bit_count, port4, Accumulator, 13420108, 0, 0, 0, 0, 0, 0, 0, 0, 0, 0
polarfly_network.rtr12, send_packet_count, port4, Accumulator, 13420108, 0, 0, 0, 0, 0, 0, 0, 0, 0, 0
polarfly_network.rtr12, output_port_stalls, port4, Accumulator, 13420108, 0, 0, 0, 0, 0, 0, 0, 0, 0, 0
polarfly_network.rtr12, idle_time, port4, Accumulator, 13420108, 0, 0, 0, 1, 0, 0, 13420108, 180099298731664, 13420108, 13420108
polarfly_network.rtr12, width_adj_count, port4, Accumulator, 13420108, 0, 0, 0, 0, 0, 0, 0, 0, 0, 0
polarfly_network.rtr12, xbar_stalls, port0, Accumulator, 13420108, 0, 0, 0, 0, 0, 0, 0, 0, 0, 0
polarfly_network.rtr12, xbar_stalls, port1, Accumulator, 13420108, 0, 0, 0, 0, 0, 0, 0, 0, 0, 0
polarfly_network.rtr12, xbar_stalls, port2, Accumulator, 13420108, 0, 0, 0, 6, 0, 0, 6, 6, 1, 1
polarfly_network.rtr12, xbar_stalls, port3, Accumulator, 13420108, 0, 0, 0, 0, 0, 0, 0, 0, 0, 0
polarfly_network.rtr12, xbar_stalls, port4, Accumulator, 13420108, 0, 0, 0, 0, 0, 0, 0, 0, 0, 0
